,eta
0,-0.14600378477089412
1,-0.12722616711987514
2,-0.12021268058978021
3,-0.13707442979483989
4,-0.15122698784862554
5,-0.1564379330193616
6,-0.14088354583182966
7,-0.13973204907727904
8,-0.14581738667027302
9,-0.13703863984657128
10,-0.11676596142157665
11,-0.14628904687725008
12,-0.1283819274948317
13,-0.13892090817349959
14,-0.12334278147175741
15,-0.1410649059720475
16,-0.14717501193183136
17,-0.1318559661273568
18,-0.13683634633944441
19,-0.1511405871778925
20,-0.13765301975477245
21,-0.1258702003438863
22,-0.14060272247635347
23,-0.1449701631175026
24,-0.12687164206312002
25,-0.12257517530344703
26,-0.14895373253548602
27,-0.14545994920844607
28,-0.13142426336121382
29,-0.12479031738805867
30,-0.15180459191134313
31,-0.1396731372620849
32,-0.14157172137750887
33,-0.12731428445156429
34,-0.18598113601861954
35,-0.1513566094395681
36,-0.13667701033872978
37,-0.15079363907250173
38,-0.14487406486592175
39,-0.15530667653041624
40,-0.13473528871288004
41,-0.16612487293506217
42,-0.1521132765422873
43,-0.13727875315556837
44,-0.12072372737161668
45,-0.14918391713003137
46,-0.15652978134618986
47,-0.15505127148437334
48,-0.1507460721234685
49,-0.12654880221336134
50,-0.14586823528606502
51,-0.12854912421746956
52,-0.16881347587433956
53,-0.12768467862637908
54,-0.1232096594418098
55,-0.1307564940043952
56,-0.14861965924151047
57,-0.13245039214911503
58,-0.12626683903605915
59,-0.13983682123409336
60,-0.13414616901694632
61,-0.14918122786345733
62,-0.12718878014257756
63,-0.13882021478908502
64,-0.15745772530581878
65,-0.1546228280253732
66,-0.12309902752239639
67,-0.16399691854954532
68,-0.14106172515398105
69,-0.1420409521400904
70,-0.1351515042404387
71,-0.14372460672432533
72,-0.15711868720955052
73,-0.15957024760167238
74,-0.12066237562151721
75,-0.14502078801634372
76,-0.12419265294975922
77,-0.1588879827936019
78,-0.13060702779617445
79,-0.13950643381087185
80,-0.13743757126804695
81,-0.15807693626920877
82,-0.13513679967568207
83,-0.13836522393330977
84,-0.132854498044134
85,-0.15267605726860906
86,-0.14088713213517592
87,-0.1450093026163027
88,-0.12814051875190666
89,-0.14881692233928456
90,-0.14316643526478667
91,-0.13899867645001332
92,-0.12201844925917639
93,-0.1606499853455892
94,-0.15180136352492332
95,-0.14806411437002726
96,-0.14372525421324747
97,-0.1361078671151409
98,-0.14118460744506425
99,-0.1525860935950957
100,-0.14792639747139108
101,-0.13860761401563051
102,-0.14186092784217713
103,-0.15092913060780128
104,-0.15813957888618657
105,-0.15016418350852367
106,-0.1349314581777351
107,-0.15783089823243926
108,-0.13658084407414828
109,-0.14054376727363996
110,-0.15537715620401335
111,-0.17100440395923966
112,-0.13860180124679827
113,-0.15643291461454642
114,-0.13654955828486792
115,-0.1528411149068138
116,-0.14282403368638105
117,-0.15047846939402024
118,-0.14565246702954956
119,-0.16513018099486299
120,-0.15481445836586513
121,-0.14911464458741747
122,-0.1269025274991961
123,-0.13728155432454417
124,-0.1576981106583877
125,-0.11524189812797686
126,-0.1378851805764177
127,-0.15723626892111733
128,-0.15220132381246335
129,-0.12162086400055691
130,-0.13890536167701578
131,-0.14844424624798067
132,-0.1406356351804853
133,-0.11508059503695864
134,-0.14523920419029962
135,-0.14438328606861994
136,-0.13556823860346934
137,-0.15928985038049318
138,-0.165838570161926
139,-0.1329496540429527
140,-0.11955354009277555
141,-0.1459467038534564
142,-0.1511545703062085
143,-0.14275790054299145
144,-0.14434704524386938
145,-0.14892172132994416
146,-0.1433301698425899
147,-0.1445939943221214
148,-0.14678501383634185
149,-0.15160911584459363
150,-0.14630499702394978
151,-0.12890489618759232
152,-0.13316605660791714
153,-0.17796657759547013
154,-0.16925958005166353
155,-0.1596402701523572
156,-0.16067785347709443
157,-0.17744275713796676
158,-0.16447943449405658
159,-0.16492679427548462
160,-0.11790620544641797
161,-0.17544722447427583
162,-0.15842722807503018
163,-0.17026606361319407
164,-0.11909316401701105
165,-0.17611597433459023
166,-0.1400361929339716
167,-0.13331758034197735
168,-0.11998701520591115
169,-0.15800358939826636
170,-0.15673694986727235
171,-0.13208080906172748
172,-0.14222022729683134
173,-0.15724544207096644
174,-0.14160453546157795
175,-0.14670207825899326
176,-0.12214304102960657
177,-0.1337356171072951
178,-0.13512756131584308
179,-0.14401525758292866
180,-0.12557625237375453
181,-0.14381837326959887
182,-0.13100873900674312
183,-0.133968930863973
184,-0.11401866832383946
185,-0.15947320065986104
186,-0.1260900911118146
187,-0.1596525992698372
188,-0.12461875280486072
189,-0.1438255805025797
190,-0.14802400501351354
191,-0.1403251786957244
192,-0.11808310440086142
193,-0.1389507152818896
194,-0.15790257205270647
195,-0.12030551852242208
196,-0.14314377812775014
197,-0.1772435910670752
198,-0.15064179434239508
199,-0.1425514639967925
200,-0.13682794721533018
201,-0.1491517377704457
202,-0.1539460367798249
203,-0.14335712834246989
204,-0.14043879288505806
205,-0.1424805002071328
206,-0.14823304824622321
207,-0.14084534438124643
208,-0.14882077281074832
209,-0.1565333836438394
210,-0.15395498054561058
211,-0.14272155032797673
212,-0.12782599995864039
213,-0.1538706666193583
214,-0.1516951979963926
215,-0.1425146394494474
216,-0.14718140443423258
217,-0.16056212313948978
218,-0.15879553117995798
219,-0.15708834251814827
220,-0.14486272750594362
221,-0.1518213616389942
222,-0.13380223280300638
223,-0.14684481176212294
224,-0.15492264540646347
225,-0.12417372078796406
226,-0.09677721154624198
227,-0.13647946756168877
228,-0.14017753752819048
229,-0.11306271004071884
230,-0.14579462335633184
231,-0.1435901318178885
232,-0.16307208013995933
233,-0.10883235311097889
234,-0.12818663401690358
235,-0.14964871254586176
236,-0.1459430459274474
237,-0.16240856816347093
238,-0.12173664021278732
239,-0.12661417007701153
240,-0.15615214356701826
241,-0.12762669960436085
242,-0.12128459139654556
243,-0.12720912200415332
244,-0.1609326037818985
245,-0.12789042094677883
246,-0.14935662389413934
247,-0.14084366118805214
248,-0.16727058515292875
249,-0.15101788949521883
250,-0.15490555825595367
251,-0.1753637535475392
252,-0.16218757097140668
253,-0.143112815443611
254,-0.13618056355119862
255,-0.16854729545889338
256,-0.15479865866421724
257,-0.13617340409766288
258,-0.12933709484566094
259,-0.1433646609187533
260,-0.16275480790459235
261,-0.12812967010795587
262,-0.12869873037397347
263,-0.1428507707363548
264,-0.1732700476677547
265,-0.13818084821967605
266,-0.12971448919697257
267,-0.15499545993237818
268,-0.15816040507745383
269,-0.14899710601020985
270,-0.1433819873722823
271,-0.1461183195750346
272,-0.15655762091018943
273,-0.1374710974263275
274,-0.1398809394252476
275,-0.1435829197536807
276,-0.15023156245149327
277,-0.14016434019776028
278,-0.14080626770266286
279,-0.15164028027981177
280,-0.15581164352090243
281,-0.14985063486786168
282,-0.1326776647993685
283,-0.14760767564596158
284,-0.19206986205017096
285,-0.11272751835396859
286,-0.1353327349019176
287,-0.11989199219477718
288,-0.17321986026999606
289,-0.15235782270489526
290,-0.12815488693521745
291,-0.1293636150004969
292,-0.166693118610341
293,-0.1483835686673738
294,-0.13659174090958087
295,-0.1401911854105576
296,-0.16659266567688097
297,-0.16688028909310823
298,-0.14283249407837656
299,-0.15993069020519118
300,-0.1749930826345704
301,-0.1750610018387417
302,-0.13680478383090375
303,-0.16079578728724694
304,-0.16880525624320988
305,-0.1331840211460098
306,-0.12192772531490453
307,-0.12675077323111777
308,-0.14940439147468396
309,-0.13932108928105064
310,-0.14147079096451945
311,-0.1364917134434622
312,-0.1348811300299339
313,-0.16000024640136293
314,-0.11221760831906616
315,-0.15312464552178603
316,-0.1403988755139603
317,-0.1416181738190211
318,-0.12272797901886592
319,-0.15078388557910127
320,-0.14386488811747158
321,-0.13665282545635107
322,-0.1258973709718454
323,-0.1366951542412577
324,-0.16112377937290262
325,-0.14040410871141762
326,-0.15274383255743088
327,-0.15137483679836208
328,-0.14862542103235812
329,-0.14553300223953963
330,-0.14478334945173021
331,-0.14544723185685665
332,-0.15590077824101348
333,-0.12680047092119412
334,-0.1468594250325056
335,-0.13038953155045016
336,-0.1674100758141106
337,-0.15437023257743868
338,-0.15268541174262637
339,-0.14671122110592583
340,-0.16627799807168608
341,-0.14223091841059693
342,-0.13581697056581493
343,-0.14643963206742847
344,-0.15239840289261503
345,-0.16940841670343101
346,-0.14854962495372026
347,-0.14507278796745238
348,-0.15753265347271356
349,-0.13817649957053893
350,-0.13911670764380135
351,-0.15157196990944927
352,-0.1437208641895246
353,-0.12797983130987173
354,-0.15190012114887783
355,-0.1451937620924609
356,-0.13338739649639944
357,-0.15043560346835236
358,-0.1408404489196434
359,-0.13764181369751408
360,-0.12844253626695518
361,-0.14112194820083562
362,-0.1331846490631887
363,-0.13383095778756343
364,-0.10758520149433531
365,-0.14731711448713086
366,-0.14722905341640435
367,-0.12918753474178163
368,-0.13958436545990108
369,-0.1472528833435213
370,-0.16467175882264537
371,-0.14855104707213476
372,-0.1551238558614713
373,-0.14095696158266643
374,-0.16681104628395044
375,-0.126939689580723
376,-0.13256759914152672
377,-0.1379186625748904
378,-0.15190537117123842
379,-0.17202801104868493
380,-0.12593589641416514
381,-0.11926039635163933
382,-0.14317461116524494
383,-0.16170739401035178
384,-0.12187287362310512
385,-0.10794010650301494
386,-0.15686432295978403
387,-0.13649119512230262
388,-0.13813138439020878
389,-0.11998522557097258
390,-0.13681276588844643
391,-0.14076869069280942
392,-0.14113591623546703
393,-0.12986643567142517
394,-0.14933734285269765
395,-0.1536888822233254
396,-0.1359884883108236
397,-0.1411774276569705
398,-0.13039257142397487
399,-0.15453889348697114
400,-0.1730761992312741
401,-0.13510931205401583
402,-0.12548929417533408
403,-0.16339801337382776
404,-0.15126380542956092
405,-0.1537104835062761
406,-0.1437601614995572
407,-0.13934612385884068
408,-0.14540916718776162
409,-0.14436576210716687
410,-0.13259792370528498
411,-0.12650290117229332
412,-0.14473707128821217
413,-0.13435361140544408
414,-0.11896369745202662
415,-0.13637582039554907
416,-0.14216649293209704
417,-0.12431997113621315
418,-0.10415216142543983
419,-0.13215583516708485
420,-0.15734707830619582
421,-0.14885127820370964
422,-0.11684293205121593
423,-0.12585475366925225
424,-0.1642004456304018
425,-0.14004766285973833
426,-0.13463147787683835
427,-0.16276877169430976
428,-0.13377203779735453
429,-0.11490673893249176
430,-0.12396273096325505
431,-0.1635976228269501
432,-0.14880888996379538
433,-0.13024659428065455
434,-0.14023440955108293
435,-0.16449218136175348
436,-0.15301237736161052
437,-0.12272633051909851
438,-0.13859160898349535
439,-0.12075369140822614
440,-0.15412684801269175
441,-0.14115452906292758
442,-0.13831529524931852
443,-0.13797265101277806
444,-0.16224376026079423
445,-0.12221242408702726
446,-0.1428720479617492
447,-0.13296548724582216
448,-0.1597272256490875
449,-0.138634854273259
450,-0.1385166120813951
451,-0.14950629543733357
452,-0.16388255103776994
453,-0.14237010680686726
454,-0.12638044672006027
455,-0.15585106903452772
456,-0.1755280207530283
457,-0.13128313689522625
458,-0.14387643662948751
459,-0.13040437715430309
460,-0.17841233213871682
461,-0.11604577202378158
462,-0.13678089148760378
463,-0.11874710531086864
464,-0.1408060163456716
465,-0.12661595597695968
466,-0.15106945175096284
467,-0.12240844281175836
468,-0.15036053890080006
469,-0.12875730198383215
470,-0.1535641158220243
471,-0.13381980509109684
472,-0.14477057513594288
473,-0.1489850062644354
474,-0.1598769929269569
475,-0.15524207699134981
476,-0.14632133448505022
477,-0.13918806060089334
478,-0.14957233059266298
479,-0.1498399204218428
480,-0.15751144134175077
481,-0.14171244714709832
482,-0.16162664827302128
483,-0.15137030114073807
484,-0.1436027848957105
485,-0.1225185949017453
486,-0.1346527860555622
487,-0.14181958845008166
488,-0.1493519491393548
489,-0.12789042202926754
490,-0.10729986601408124
491,-0.16236429543130698
492,-0.13967535484215812
493,-0.1519953054851832
494,-0.11429203550320473
495,-0.19480173459656122
496,-0.13461172952438372
497,-0.13240873534806852
498,-0.12976616649210168
499,-0.14998741682538275
500,-0.1170630861750909
501,-0.15491831067554082
502,-0.14039134866514286
503,-0.15616667703746392
504,-0.13621553622188803
505,-0.1549119468283349
506,-0.14648527445347054
507,-0.14366551811916345
508,-0.1331032467366146
509,-0.1490518904084751
510,-0.16605896232119982
511,-0.1311935083888114
512,-0.14104240533083398
513,-0.13544426237644325
514,-0.15393852940338063
515,-0.11413442216110314
516,-0.14453884118659713
517,-0.14452833346790203
518,-0.1703057037981061
519,-0.12156600999404449
520,-0.16032976746058314
521,-0.15411492962897436
522,-0.12496274268124014
523,-0.12927763365679287
524,-0.15867247648778518
525,-0.14762387205936162
526,-0.12407858605475129
527,-0.12561074112297574
528,-0.13577211294254582
529,-0.15063021073785088
530,-0.13440475069776286
531,-0.129274594716253
532,-0.12228612731948887
533,-0.14444513056412864
534,-0.1449822325789082
535,-0.12726691093969017
536,-0.11763866890972642
537,-0.15307329591372543
538,-0.14011729562227032
539,-0.12495946748405289
540,-0.15170559386435195
541,-0.15641530405366455
542,-0.12544654716610287
543,-0.17041898870780048
544,-0.1335318611749156
545,-0.14088339648855763
546,-0.147293052582458
547,-0.17386398936442177
548,-0.13887896781717626
549,-0.1706584302371245
550,-0.12999810170884668
551,-0.16462531685223927
552,-0.14142159009674665
553,-0.140700768892199
554,-0.13129456037490617
555,-0.1820310236938304
556,-0.12903336826391232
557,-0.1633012183044783
558,-0.15091883292526487
559,-0.15832112880918361
560,-0.14297432079952677
561,-0.1574656598716677
562,-0.1506509191120937
563,-0.14622003350285112
564,-0.11988059254682801
565,-0.15739211522976426
566,-0.16245689956809542
567,-0.15760504926151023
568,-0.13848750432444265
569,-0.14278011105779098
570,-0.15572598984319885
571,-0.14735588849082296
572,-0.13189519225311555
573,-0.14844907281345887
574,-0.1496003254121495
575,-0.13660478694373035
576,-0.15419765543253933
577,-0.1545274187229596
578,-0.13040920188135852
579,-0.129421468357881
580,-0.1691223451726143
581,-0.17236838218312353
582,-0.1355585204682672
583,-0.14447101646892593
584,-0.15639060969432025
585,-0.17907123979236966
586,-0.1435879286006262
587,-0.14805939701797344
588,-0.1585956133010509
589,-0.1620064859746509
590,-0.13249817638018785
591,-0.16187029123154417
592,-0.1719356787154505
593,-0.1466972022191211
594,-0.1502307317508269
595,-0.13414625977898387
596,-0.16671581359477045
597,-0.13014567457623102
598,-0.1470653679374585
599,-0.14166823475492007
600,-0.14318456620259756
601,-0.15024837016767945
602,-0.13050019077145616
603,-0.1392047804274364
604,-0.13732606559881894
605,-0.15280776550475064
606,-0.11837672627836895
607,-0.13888328119743484
608,-0.1376747444047909
609,-0.152547404504569
610,-0.14022363021596496
611,-0.13412905225748703
612,-0.13027125736979883
613,-0.173446202419408
614,-0.1333532931664471
615,-0.15671628877008198
616,-0.13499503793165396
617,-0.14344080739973816
618,-0.12700617704662015
619,-0.13947686776454157
620,-0.13101407757974537
621,-0.13991531871601737
622,-0.12918018431268324
623,-0.14388634926352878
624,-0.1295131874864173
625,-0.13391919240014163
626,-0.14290037341727335
627,-0.15151483167130486
628,-0.145122256878022
629,-0.11972475889447537
630,-0.14385165023349755
631,-0.12900464701447273
632,-0.14520156376463392
633,-0.12433470432334698
634,-0.14540871949363962
635,-0.14633106350632027
636,-0.14442408064564416
637,-0.1412120266959722
638,-0.15856264870538023
639,-0.1481708247135937
640,-0.15046373305007835
641,-0.13695688996781819
642,-0.16104868164097108
643,-0.14176021095820973
644,-0.16290076391599517
645,-0.14203662662323796
646,-0.15381412303074116
647,-0.1405894915509127
648,-0.16682394582300536
649,-0.13448426104160782
650,-0.12159045429129446
651,-0.12884849278001098
652,-0.1423419586309335
653,-0.1372608304215872
654,-0.13200031082858427
655,-0.15224831818267454
656,-0.14756519023701267
657,-0.10622682620693058
658,-0.12964937380724567
659,-0.1634436860594534
660,-0.15179385849375826
661,-0.134865351190666
662,-0.15042662955877745
663,-0.17187773632776782
664,-0.12509645580257014
665,-0.14619707802656737
666,-0.16346459462365684
667,-0.12707328052290712
668,-0.12723466144069845
669,-0.14191416142169788
670,-0.15466583189064997
671,-0.1111551546414058
672,-0.15727357052783206
673,-0.17003932048376083
674,-0.15344327370788552
675,-0.13301939074227118
676,-0.15425557701129283
677,-0.1601251488062654
678,-0.1523429935049696
679,-0.14119901526918777
680,-0.1602152168862786
681,-0.15037816489896186
682,-0.1626173121671985
683,-0.1415015555170387
684,-0.13522470930917863
685,-0.15542610459501202
686,-0.15643058746692184
687,-0.13991821511252203
688,-0.1282749049760562
689,-0.13914493932550157
690,-0.14405608493089336
691,-0.1584364831977149
692,-0.14408335074831316
693,-0.1703369753341468
694,-0.12861337774756518
695,-0.15381676387456167
696,-0.1424851138496688
697,-0.15736267708768753
698,-0.1609999700244955
699,-0.1315420201235305
700,-0.12840584318016773
701,-0.15441783082216579
702,-0.13186805643445496
703,-0.11357304536054678
704,-0.13091225288457659
705,-0.14196398690768428
706,-0.15032114724443021
707,-0.13980714746463221
708,-0.12387956833635863
709,-0.1463532167984545
710,-0.1401416612840603
711,-0.14263701530041328
712,-0.12589463837318787
713,-0.1653711204686113
714,-0.1329796741741849
715,-0.11722558240196368
716,-0.12207620460028908
717,-0.14369788395130445
718,-0.15822247029462705
719,-0.13389375480903018
720,-0.12804256374853476
721,-0.1420227538890778
722,-0.1402646117783179
723,-0.13096368335026634
724,-0.14298839161001387
725,-0.14365390747491216
726,-0.14994973462800232
727,-0.14072107543102366
728,-0.1317834227846226
729,-0.14475788123440447
730,-0.14326465659978352
731,-0.13811692934845565
732,-0.14267720111352528
733,-0.13630440863480447
734,-0.1413495820651304
735,-0.13221068344574585
736,-0.14768700830256556
737,-0.12835868321272723
738,-0.133592567318584
739,-0.15280877681356722
740,-0.1550521057984365
741,-0.13589102193336602
742,-0.14775815271496448
743,-0.12798876475803744
744,-0.1469591132617686
745,-0.1401876572046793
746,-0.15432447502198524
747,-0.1352894336026854
748,-0.14988179969815268
749,-0.14907697093073397
750,-0.14293961443221367
751,-0.1458664719598183
752,-0.13948245045289334
753,-0.15956564703642998
754,-0.13930778677048997
755,-0.1246400487788348
756,-0.13401533208471714
757,-0.12311613025372556
758,-0.15014599386932864
759,-0.12705536667117703
760,-0.15572891668713637
761,-0.1527066415849411
762,-0.14677452665470778
763,-0.15083326077314918
764,-0.12090090898862485
765,-0.1545788012612393
766,-0.1422222517352532
767,-0.14936823236944022
768,-0.12912068446683322
769,-0.14576945633524216
770,-0.14068912341324444
771,-0.14774760914075022
772,-0.15214473728745345
773,-0.13949912638963313
774,-0.13484246447951018
775,-0.15913327577932487
776,-0.15310949524424572
777,-0.1492811508355097
778,-0.1377004907477824
779,-0.15973638643108468
780,-0.14091641196694696
781,-0.15374667031261105
782,-0.1276976204630684
783,-0.13822323296476322
784,-0.15428475324971197
785,-0.1729106070688483
786,-0.14142560056463863
787,-0.1337189481402511
788,-0.17845950357113066
789,-0.14834022738669894
790,-0.14632609309469763
791,-0.1376994191490991
792,-0.15273837148243607
793,-0.13121583152892144
794,-0.14585098614000944
795,-0.12284539904317147
796,-0.15177238425644812
797,-0.10740403838607734
798,-0.14956152120312396
799,-0.12305268632472671
800,-0.16083156285059527
801,-0.12905532986429735
802,-0.12597774947184226
803,-0.1418026076936984
804,-0.13737292287149092
805,-0.12707165770526763
806,-0.12574543473693978
807,-0.15171112685222765
808,-0.12081340571299883
809,-0.1377623615949986
810,-0.10760519586218474
811,-0.11911828914529093
812,-0.15186827538446432
813,-0.17283827617854194
814,-0.1354675289755871
815,-0.14703988791291248
816,-0.12647941552813197
817,-0.14492683026597522
818,-0.15173940769789576
819,-0.15273876227628605
820,-0.1384957800364019
821,-0.13307935097358722
822,-0.13578546959743484
823,-0.14576578981745286
824,-0.14511742317696769
825,-0.15311209755417393
826,-0.13716036030732587
827,-0.15152049881398535
828,-0.15756444406178494
829,-0.17695453366875238
830,-0.12244212796045466
831,-0.15643195937202964
832,-0.13998664495503985
833,-0.14879656671844033
834,-0.11930163480681505
835,-0.14366440288935503
836,-0.14315249618644044
837,-0.14237659772349984
838,-0.1455332207521104
839,-0.15314476831352278
840,-0.13497355241732625
841,-0.14497216256091602
842,-0.1307440945709806
843,-0.17287028559207718
844,-0.14138057141239296
845,-0.13054895436227945
846,-0.13075263341746102
847,-0.14881408098942586
848,-0.13858055825433194
849,-0.14598432270476971
850,-0.129208630989468
851,-0.13780688113206963
852,-0.15426860860389952
853,-0.16794081363795213
854,-0.12063444734463681
855,-0.12540951181206184
856,-0.14700077945143938
857,-0.1598260553688185
858,-0.13800197562034552
859,-0.12711078357491143
860,-0.15069877024880218
861,-0.16578520013054798
862,-0.13660750446684805
863,-0.14407334709905234
864,-0.12083693751085726
865,-0.17735550030285213
866,-0.1328030944242869
867,-0.14968592744893236
868,-0.15960309640329254
869,-0.18640883816444467
870,-0.13291330362734596
871,-0.14149138087999236
872,-0.1477147199137929
873,-0.15976398460625288
874,-0.15847927538982512
875,-0.12864479475439117
876,-0.14135859957677205
877,-0.15133807831976587
878,-0.13862898112978414
879,-0.13269437386253866
880,-0.14458633940391916
881,-0.15807989242976325
882,-0.14423876109165099
883,-0.15745482791252036
884,-0.1451017316173745
885,-0.13897063381423783
886,-0.1301566812803897
887,-0.16691515302973217
888,-0.15122852079229984
889,-0.1316988912630601
890,-0.13706516420278744
891,-0.15403051003196516
892,-0.13367428237375362
893,-0.12688650708093482
894,-0.12521195846213629
895,-0.14662010689818258
896,-0.15110681791213185
897,-0.13842307803987364
898,-0.09393002255507849
899,-0.14656872031411464
900,-0.14422308198162995
901,-0.14680502138906093
902,-0.12563217755901648
903,-0.15333327573112732
904,-0.14246286535896976
905,-0.15175547905032255
906,-0.14854456891177856
907,-0.1516698075371242
908,-0.13296681444406605
909,-0.17343964045863683
910,-0.14667808823674944
911,-0.15632808477794796
912,-0.14760379621473163
913,-0.1432012079086864
914,-0.13318060432451778
915,-0.1452849817898734
916,-0.14421865799696468
917,-0.14241733871023204
918,-0.10947829091950653
919,-0.1478726190229469
920,-0.14606666041717126
921,-0.11657077922383192
922,-0.13446671862763884
923,-0.1507073203222376
924,-0.14324890756602687
925,-0.1393643326976701
926,-0.15735933120095152
927,-0.14994321613057415
928,-0.14707444113222173
929,-0.14493225059649031
930,-0.1547295966852753
931,-0.15681556773342045
932,-0.15468149310680843
933,-0.14442860009219097
934,-0.13712153857885567
935,-0.15743194862344387
936,-0.14419031601781301
937,-0.10332581540619451
938,-0.13118993280101696
939,-0.13804594811891552
940,-0.14849756933269798
941,-0.15592033323082424
942,-0.13475947698882706
943,-0.1508614314090451
944,-0.14868704566963592
945,-0.13490911854753992
946,-0.14594106882672986
947,-0.154202068949184
948,-0.1605690498637996
949,-0.13500528832932476
950,-0.1400753010276091
951,-0.1555725585685601
952,-0.13883321179913366
953,-0.11740779500303769
954,-0.1245972947080642
955,-0.15253417909009276
956,-0.1192768716418883
957,-0.1651961016524326
958,-0.1352259703604148
959,-0.13671460603635885
960,-0.12771918349320463
961,-0.12451323014230184
962,-0.15866558080640825
963,-0.15208045711976587
964,-0.12542714616672998
965,-0.14303025489007143
966,-0.14274080556833427
967,-0.16766084549345764
968,-0.13490463163294505
969,-0.13996049301762536
970,-0.12088934597967234
971,-0.15064477442658097
972,-0.11837713999796641
973,-0.14280251899553492
974,-0.12201239624267153
975,-0.14078715320636861
976,-0.13041286408109412
977,-0.13622604763488033
978,-0.11693020685652435
979,-0.1750087503012161
980,-0.14322877188849045
981,-0.12669393514572613
982,-0.11616933369670807
983,-0.16366692035125677
984,-0.13310094352441865
985,-0.12118966549005614
986,-0.13141971254297755
987,-0.13190719435776532
988,-0.14569758040917827
989,-0.11289837616697028
990,-0.16225391495260616
991,-0.13880043456111477
992,-0.1358417754366833
993,-0.1193668941152456
994,-0.15042179896650043
995,-0.15195649912518822
996,-0.12687533936710044
997,-0.16614745713042747
998,-0.14973743411926488
999,-0.1448861905987974
1000,-0.11940895603684784
1001,-0.15770877419303947
1002,-0.15952943967385705
1003,-0.15490376873352818
1004,-0.14643847754300263
1005,-0.14300226810489305
1006,-0.1646305929396305
1007,-0.13847512594117223
1008,-0.16126665591758063
1009,-0.1345631444180181
1010,-0.14230323505511877
1011,-0.12336026078599067
1012,-0.13717432214648267
1013,-0.1287204402235993
1014,-0.12812595272543312
1015,-0.12525303007319294
1016,-0.14090529165097168
1017,-0.12904910489635724
1018,-0.13110382833205314
1019,-0.14383843857946788
1020,-0.13995528345650607
1021,-0.13809338523422357
1022,-0.13854433504781702
1023,-0.1452844969306063
1024,-0.15139609757769257
1025,-0.13493122400770555
1026,-0.144199339904583
1027,-0.1549988454502247
1028,-0.15230779777738393
1029,-0.1669147019072857
1030,-0.14090923479058753
1031,-0.1520718226587321
1032,-0.15969702435626665
1033,-0.16761249684207827
1034,-0.14750671151483807
1035,-0.14947121644573919
1036,-0.1483657265979634
1037,-0.14793946550765663
1038,-0.13102646568228116
1039,-0.13421986612389802
1040,-0.13776224832817824
1041,-0.14087411707542324
1042,-0.1263281725181608
1043,-0.15467897037821757
1044,-0.14061085987659677
1045,-0.15495049867304433
1046,-0.12972718091175497
1047,-0.16332325058283967
1048,-0.1448100911592986
1049,-0.15462256712883335
1050,-0.14270870464444185
1051,-0.15922396778702244
1052,-0.1524441104478713
1053,-0.12159867483871897
1054,-0.13198558619881035
1055,-0.16299365393328544
1056,-0.14952402658151107
1057,-0.13915057853332477
1058,-0.14358492398288397
1059,-0.16008899059958945
1060,-0.14616504725290655
1061,-0.12396660843507634
1062,-0.13440146660557512
1063,-0.1612492877710104
1064,-0.146756266158399
1065,-0.1264398725759269
1066,-0.15157911394998844
1067,-0.14709186391082965
1068,-0.1348293866266016
1069,-0.13955746779935008
1070,-0.1454848911793517
1071,-0.144981972542286
1072,-0.12471730717210801
1073,-0.13789893788415414
1074,-0.1615624319905009
1075,-0.1474671881551995
1076,-0.1535841776161637
1077,-0.11281382175556032
1078,-0.14415944002535272
1079,-0.1356741337741333
1080,-0.1504299638431933
1081,-0.1371805144710511
1082,-0.1352550916212288
1083,-0.1493220408823369
1084,-0.13783433887688376
1085,-0.1184034159843306
1086,-0.1472329709543082
1087,-0.13502650062492677
1088,-0.1399951741169014
1089,-0.10114108827748813
1090,-0.14747030249764267
1091,-0.13506919720483215
1092,-0.13290231050542703
1093,-0.12764846700658364
1094,-0.1510153500004484
1095,-0.14943548811911644
1096,-0.1316627350802713
1097,-0.1333733855716252
1098,-0.15545487447132286
1099,-0.1457789590370261
1100,-0.14983246887800572
1101,-0.12342162354933922
1102,-0.1515263635987554
1103,-0.15195623964336094
1104,-0.1473687681928832
1105,-0.1514601421040572
1106,-0.15529145444440678
1107,-0.14417214850760185
1108,-0.15526580930328016
1109,-0.153513516546488
1110,-0.15582221597411258
1111,-0.12521320603537925
1112,-0.1531436485557107
1113,-0.12944427127877678
1114,-0.13606621789864973
1115,-0.13851291008261502
1116,-0.1632908956837239
1117,-0.13293771714669828
1118,-0.1648688521230839
1119,-0.13899382118956735
1120,-0.14401510232154643
1121,-0.13726085024947865
1122,-0.1600723282021748
1123,-0.13893508047890607
1124,-0.16213365264272542
1125,-0.114101992869965
1126,-0.13936717288309639
1127,-0.12268575000063281
1128,-0.1616086781409456
1129,-0.15037644973973446
1130,-0.144965715560515
1131,-0.13908966943764817
1132,-0.143575547571948
1133,-0.13491128940876013
1134,-0.15182205455214115
1135,-0.14004637776681214
1136,-0.1428959242762394
1137,-0.147257568574828
1138,-0.14169288622302842
1139,-0.15387818454106827
1140,-0.13438269857590585
1141,-0.1511855210222488
1142,-0.14734593607704521
1143,-0.15186902174260172
1144,-0.12619727879305062
1145,-0.13506132171427784
1146,-0.15434193928308698
1147,-0.12172532000525763
1148,-0.13861657219397266
1149,-0.15049629016105984
1150,-0.1392743435057147
1151,-0.11669165908087456
1152,-0.1285728781720612
1153,-0.1567109960722628
1154,-0.15286665347568523
1155,-0.11134907576914357
1156,-0.13401070943419632
1157,-0.11890782206251699
1158,-0.15985767448081162
1159,-0.13142497556078264
1160,-0.16386740049542303
1161,-0.13325660996852695
1162,-0.12475203394743736
1163,-0.13832375772479655
1164,-0.1497900315485977
1165,-0.13389557342015534
1166,-0.1265788404575122
1167,-0.1539903390817967
1168,-0.1729162159202776
1169,-0.1328059947755377
1170,-0.13138549634426738
1171,-0.13904047840353762
1172,-0.1390924707811197
1173,-0.1577271717889839
1174,-0.12370231805662045
1175,-0.13627168058216127
1176,-0.14226538272584952
1177,-0.14341792598947994
1178,-0.12931878387471393
1179,-0.16067851514201179
1180,-0.1333438376515479
1181,-0.130007303308232
1182,-0.13854449945492683
1183,-0.16851660558674578
1184,-0.12531746219366227
1185,-0.15292314509679122
1186,-0.11860707029463195
1187,-0.16376707399800003
1188,-0.12298654007482446
1189,-0.14285291123546315
1190,-0.11941206493761392
1191,-0.1419751496399089
1192,-0.1311066105551829
1193,-0.13458159820295437
1194,-0.1377428604280929
1195,-0.1468265233895194
1196,-0.183919201138095
1197,-0.10755654395568326
1198,-0.14591707030383755
1199,-0.14311580864272197
1200,-0.16039040093571602
1201,-0.14037780634631067
1202,-0.15601963041726136
1203,-0.13596199469715958
1204,-0.1521588443852354
1205,-0.13786085675170434
1206,-0.13872004847259603
1207,-0.13612364204924562
1208,-0.15744348116418894
1209,-0.15146499981790476
1210,-0.12843034562871677
1211,-0.1471707160778816
1212,-0.13446416739313888
1213,-0.17134648145978082
1214,-0.12551711055127235
1215,-0.1383932495897856
1216,-0.12666583390684638
1217,-0.15452728403755683
1218,-0.1317766000284815
1219,-0.14523416662282007
1220,-0.16762017856450287
1221,-0.1549129763815544
1222,-0.1304762872774858
1223,-0.1242876960088705
1224,-0.1759344985399636
1225,-0.12538191122731457
1226,-0.1415065891941364
1227,-0.13161377758978582
1228,-0.14461658589539672
1229,-0.1281151439742132
1230,-0.1295893592886017
1231,-0.14240262611728238
1232,-0.1402732412392126
1233,-0.12470605306688498
1234,-0.14488512579755494
1235,-0.13183695731553582
1236,-0.13449314888234393
1237,-0.1201234787549407
1238,-0.13478927432770088
1239,-0.113851533336677
1240,-0.13960084670003642
1241,-0.1304974226551346
1242,-0.13842547036069125
1243,-0.12015362052895626
1244,-0.1530401164070367
1245,-0.12563348981905254
1246,-0.15139908890786363
1247,-0.14262738893710342
1248,-0.12576185428249181
1249,-0.1359640248084313
1250,-0.1420886202353472
1251,-0.16492139609770892
1252,-0.14277992477904541
1253,-0.1617161850692593
1254,-0.1275226245558324
1255,-0.15601695900202892
1256,-0.1471143666261617
1257,-0.15524274029886564
1258,-0.1307663583844459
1259,-0.17398740572110888
1260,-0.13811321215983335
1261,-0.16431109538461192
1262,-0.13166711608867585
1263,-0.16313516552971413
1264,-0.15645802333856934
1265,-0.1464331366340111
1266,-0.12289147044583165
1267,-0.15823954885176722
1268,-0.15239047157002925
1269,-0.14170793612972704
1270,-0.12590589148976744
1271,-0.15806168350857552
1272,-0.1606335634229014
1273,-0.13111335251660983
1274,-0.1404555604365654
1275,-0.1486482432244274
1276,-0.14316502535026346
1277,-0.13096533180158018
1278,-0.132462402698419
1279,-0.13818807823206383
1280,-0.14252293639801353
1281,-0.13579293054713967
1282,-0.157492006456536
1283,-0.17723986195525432
1284,-0.1491908405221981
1285,-0.145393376937759
1286,-0.1511962156925099
1287,-0.153032155303311
1288,-0.15168528795954705
1289,-0.1389369806819121
1290,-0.16084707496447576
1291,-0.15115073111383343
1292,-0.1454402123042617
1293,-0.13488024983460714
1294,-0.15392952288898035
1295,-0.15343775743735122
1296,-0.1435176319909587
1297,-0.14034567203145148
1298,-0.17254382883253538
1299,-0.1409906074422912
1300,-0.12048667220913695
1301,-0.13197652142984492
1302,-0.16971554565241712
1303,-0.1592490945369989
1304,-0.13876685845210596
1305,-0.1331283788259445
1306,-0.1675751409202748
1307,-0.15475801300004258
1308,-0.12772980183299068
1309,-0.13580755414741158
1310,-0.16290286319809036
1311,-0.1490953090034596
1312,-0.1155655772732129
1313,-0.14218575736150751
1314,-0.14980855664990864
1315,-0.1377707761120419
1316,-0.14795482905067775
1317,-0.1402548140366615
1318,-0.12147437284963244
1319,-0.16626087391431096
1320,-0.13144654411334214
1321,-0.13382860327566695
1322,-0.14015797787362277
1323,-0.16299040510223142
1324,-0.13931888094802403
1325,-0.13315710074590825
1326,-0.12913531526045172
1327,-0.1637028613597211
1328,-0.15364024429589823
1329,-0.16044225102557
1330,-0.13159475792184838
1331,-0.1319013142335043
1332,-0.1551544655402939
1333,-0.14919831254090574
1334,-0.14197095220432726
1335,-0.149863164680578
1336,-0.14507136343498747
1337,-0.14541820285311702
1338,-0.14993116295504524
1339,-0.14841837827500604
1340,-0.14407254563238434
1341,-0.1332325506685541
1342,-0.1524312898236701
1343,-0.13811901212430436
1344,-0.12745124829600132
1345,-0.1235997578921273
1346,-0.15616505899377867
1347,-0.15695589321608117
1348,-0.13891531177320549
1349,-0.14392063378612074
1350,-0.1402721760238887
1351,-0.15211346411541837
1352,-0.12491437768502989
1353,-0.1313265286744727
1354,-0.12894409311872124
1355,-0.14877181718634114
1356,-0.1320578592259873
1357,-0.1649286345463553
1358,-0.11101715784217918
1359,-0.1525546372342923
1360,-0.1393375181983922
1361,-0.14749894287997586
1362,-0.12477079533496464
1363,-0.12973368116064166
1364,-0.1459100734282608
1365,-0.1418471164737533
1366,-0.11921484677924386
1367,-0.15519683759587907
1368,-0.1596694081243325
1369,-0.13522854141465973
1370,-0.11879913943743836
1371,-0.13487153954197328
1372,-0.13974182230873886
1373,-0.12827278643959827
1374,-0.11978183554759961
1375,-0.1257834618701743
1376,-0.16564942315274261
1377,-0.15348750213492032
1378,-0.1144619083256932
1379,-0.13073829557332012
1380,-0.1402640410056001
1381,-0.14281231964167612
1382,-0.1302588702232624
1383,-0.15249518449588773
1384,-0.160796618973783
1385,-0.14742176458324754
1386,-0.1398610266213136
1387,-0.15334260220664048
1388,-0.15281093447875316
1389,-0.1315832773403983
1390,-0.15166025831324706
1391,-0.15300972429543624
1392,-0.1426533899138465
1393,-0.13455929798624822
1394,-0.11925226934874769
1395,-0.15939356021298962
1396,-0.12631040371764363
1397,-0.14875959813163905
1398,-0.1670454060260934
1399,-0.1758706800880417
1400,-0.12981246666159346
1401,-0.14463982874963704
1402,-0.14635870907995918
1403,-0.1464743705789968
1404,-0.13216133394062016
1405,-0.13444861925393017
1406,-0.1662087370622596
1407,-0.16425503810080705
1408,-0.14270004543198692
1409,-0.16797951113979223
1410,-0.13329216932033905
1411,-0.15542190714150173
1412,-0.16725646624479484
1413,-0.1476979914394415
1414,-0.1431454355390482
1415,-0.1562884540513912
1416,-0.13650985449406464
1417,-0.14508144253540844
1418,-0.15402463414799242
1419,-0.15926971055303119
1420,-0.1286583636926467
1421,-0.14610922088058212
1422,-0.13091158388453575
1423,-0.15306629741864733
1424,-0.14187463922844606
1425,-0.1233516542210634
1426,-0.1495126125604207
1427,-0.15001843462933268
1428,-0.14101823132927443
1429,-0.13212942359108262
1430,-0.1456844586347634
1431,-0.14972347889708668
1432,-0.1446441265488188
1433,-0.13836089414247277
1434,-0.16026206821143255
1435,-0.1424668285453626
1436,-0.157484919284438
1437,-0.14568710283891353
1438,-0.16075545874545508
1439,-0.1481274228238017
1440,-0.16750598207459477
1441,-0.14582504706794766
1442,-0.1462395574661409
1443,-0.1407084335483265
1444,-0.13969147614346078
1445,-0.11817204847516613
1446,-0.15387069260979702
1447,-0.11176904019984699
1448,-0.17573522311223022
1449,-0.12514401151697946
1450,-0.1511887035973091
1451,-0.11970898680209725
1452,-0.1444957648698392
1453,-0.14208782284197138
1454,-0.11781133714861154
1455,-0.15827305102340555
1456,-0.1290816063598949
1457,-0.1345056879020225
1458,-0.1142376861667672
1459,-0.1352344477606573
1460,-0.1176400828216072
1461,-0.11526163383456926
1462,-0.1382716122477665
1463,-0.16418804232024906
1464,-0.1264676887881066
1465,-0.13212938778333708
1466,-0.1347793637401531
1467,-0.15712430984312573
1468,-0.1352929954578823
1469,-0.14079310983103763
1470,-0.14408186033233839
1471,-0.15723954396936252
1472,-0.13019873292651235
1473,-0.1410780701372443
1474,-0.14398481064653668
1475,-0.14794848477485384
1476,-0.13845571815679975
1477,-0.14678486790513898
1478,-0.15768365872172127
1479,-0.1628346135758487
1480,-0.13293315743888884
1481,-0.14947411192232557
1482,-0.17328492277318275
1483,-0.1584730615777593
1484,-0.13122241462496342
1485,-0.13372543787605984
1486,-0.14312960963038807
1487,-0.17409024019191427
1488,-0.14314381657634034
1489,-0.14370143805285251
1490,-0.14039043566921164
1491,-0.16400164208042234
1492,-0.14425413994796688
1493,-0.1596319095826788
1494,-0.14262619933187093
1495,-0.16596234817172154
1496,-0.1464824919553597
1497,-0.1521950923011053
1498,-0.11960526884398048
1499,-0.15487173178991043
1500,-0.14293795181114388
1501,-0.12122520825595161
1502,-0.1129563609986243
1503,-0.12886005797346745
1504,-0.1345055849997056
1505,-0.10845983107768357
1506,-0.1345406407773043
1507,-0.10628769831680135
1508,-0.16037736880053435
1509,-0.13334091418233557
1510,-0.14359071316605984
1511,-0.14324888588431411
1512,-0.17180623249049454
1513,-0.13085686453567863
1514,-0.1627686516173008
1515,-0.13494436965750192
1516,-0.17512614815237545
1517,-0.13654042311800993
1518,-0.14326305469287923
1519,-0.13717188086061877
1520,-0.15502538588272796
1521,-0.12744315464726114
1522,-0.15332787213903162
1523,-0.13223168093836268
1524,-0.17170812889645834
1525,-0.12383644481351733
1526,-0.14249025396133913
1527,-0.15313225077321077
1528,-0.13667547816900774
1529,-0.121261446172124
1530,-0.1432702802513811
1531,-0.1557955571935406
1532,-0.15166358261584525
1533,-0.14526568831385128
1534,-0.12294016561889815
1535,-0.15700755435095554
1536,-0.14280648561312714
1537,-0.14923684011847024
1538,-0.11920627367636613
1539,-0.1588087036881267
1540,-0.15836913502842434
1541,-0.157974158194936
1542,-0.14765629088295823
1543,-0.13201808312761804
1544,-0.1633098082223488
1545,-0.1447522657429439
1546,-0.12807402574855908
1547,-0.1332052200923611
1548,-0.15057134877194553
1549,-0.14553979991158886
1550,-0.14584703429173027
1551,-0.14347296408753124
1552,-0.14235218683199355
1553,-0.1425759662222139
1554,-0.14448569806269068
1555,-0.13212717167373625
1556,-0.13389419112978992
1557,-0.14269388051698162
1558,-0.1536512204931717
1559,-0.13652400691577238
1560,-0.12537141555719722
1561,-0.15508709012532726
1562,-0.16487046941822933
1563,-0.15534035534604784
1564,-0.11495130652072535
1565,-0.16303346031337632
1566,-0.14805871503801302
1567,-0.16351590815705674
1568,-0.10967700333631261
1569,-0.15315698835986807
1570,-0.14683271301329867
1571,-0.14064518354632083
1572,-0.14981443423670907
1573,-0.14266095618902572
1574,-0.1611158161997485
1575,-0.13416912792090632
1576,-0.13085157678010328
1577,-0.1511368223122128
1578,-0.14715996126151648
1579,-0.13452165094988686
1580,-0.11548381277425067
1581,-0.1413888112463845
1582,-0.1335562222841423
1583,-0.1614444285493188
1584,-0.11399042662222125
1585,-0.1446510649209757
1586,-0.1524796271186463
1587,-0.13602047856026023
1588,-0.11087032396967532
1589,-0.13753605849612316
1590,-0.13334820652464094
1591,-0.13638012257948104
1592,-0.13743299540255122
1593,-0.14335309067713548
1594,-0.12122298442961398
1595,-0.15364507695686858
1596,-0.15745992541219578
1597,-0.14495839027192728
1598,-0.1346339367449053
1599,-0.16300476954715076
1600,-0.15148213707746733
1601,-0.15105878854100677
1602,-0.14842854444533063
1603,-0.15959014741761315
1604,-0.16697995526837262
1605,-0.15181261969891435
1606,-0.13018796428792168
1607,-0.14032701949597282
1608,-0.1498779323480059
1609,-0.13896982909591665
1610,-0.14929799789505438
1611,-0.14484833896472538
1612,-0.1579899857946549
1613,-0.12664145851539174
1614,-0.15524782324105618
1615,-0.14390583447704236
1616,-0.11728358741341927
1617,-0.13358995816086108
1618,-0.13856585639661226
1619,-0.14392624865514336
1620,-0.12221603806040138
1621,-0.13906638602878363
1622,-0.15531055419338924
1623,-0.14278462260398897
1624,-0.14851466514927475
1625,-0.11858806643302675
1626,-0.1327179816718417
1627,-0.15691309538669357
1628,-0.1598924532168257
1629,-0.12294253716600169
1630,-0.1511871069986569
1631,-0.14513216923294198
1632,-0.16141884398112477
1633,-0.12672524799723867
1634,-0.1303347356977747
1635,-0.1316073719155177
1636,-0.1659276074062166
1637,-0.14730024465135116
1638,-0.14229988970496546
1639,-0.1398873115088496
1640,-0.16948166544658644
1641,-0.15203486596224647
1642,-0.1389302170058472
1643,-0.13403023591629112
1644,-0.15828724124313964
1645,-0.16709426890149187
1646,-0.14309568906399137
1647,-0.15150486040716693
1648,-0.13732959026198102
1649,-0.161684247667834
1650,-0.1471904040255075
1651,-0.13963864746629065
1652,-0.14476836340951807
1653,-0.14918818187719798
1654,-0.13892549049018246
1655,-0.14774007929353156
1656,-0.14814693813231786
1657,-0.1553028546744333
1658,-0.12420788115760069
1659,-0.14989833053892612
1660,-0.13878866022972974
1661,-0.13737685129959593
1662,-0.13387258803007254
1663,-0.14136683631906902
1664,-0.1488767237216671
1665,-0.12931087805619504
1666,-0.150520220463786
1667,-0.14256915186456143
1668,-0.14516530479877351
1669,-0.15576266135730713
1670,-0.1376022040056126
1671,-0.1269738548587203
1672,-0.15668553210010275
1673,-0.1486042505481719
1674,-0.13003559361689557
1675,-0.12869979750877128
1676,-0.16497489811857266
1677,-0.14735423574233134
1678,-0.11759410350825956
1679,-0.1628260220943949
1680,-0.17906331156150387
1681,-0.16263661932827905
1682,-0.14409250370630192
1683,-0.15147614687211206
1684,-0.15781455643113423
1685,-0.1456375104412602
1686,-0.14112692353415154
1687,-0.1460148396203924
1688,-0.13513972816288738
1689,-0.15223201537159742
1690,-0.13888743108790463
1691,-0.1346115361496362
1692,-0.12878777987643938
1693,-0.17265100250294568
1694,-0.12713129716304655
1695,-0.14890357497096315
1696,-0.1440576163530808
1697,-0.1302290805600607
1698,-0.14681614618337824
1699,-0.16195066907276523
1700,-0.1096391499991925
1701,-0.1507513543040468
1702,-0.15393990421995024
1703,-0.16164975655605002
1704,-0.12779158775759175
1705,-0.14113888988469883
1706,-0.1412688383504856
1707,-0.13241307596299282
1708,-0.1328376016560879
1709,-0.15657048990563402
1710,-0.14582237542156254
1711,-0.13666623339034017
1712,-0.1283519110402003
1713,-0.14159431645244863
1714,-0.1322473433647623
1715,-0.1291483784641212
1716,-0.1396735702048353
1717,-0.16073361807138642
1718,-0.11829608488897166
1719,-0.15375356550404154
1720,-0.12793899981119217
1721,-0.14904651537287736
1722,-0.12561446527883507
1723,-0.1347015565757982
1724,-0.14193031319505578
1725,-0.1732523356015627
1726,-0.1499301308784932
1727,-0.15731678345404637
1728,-0.14388289861349565
1729,-0.1555681970709472
1730,-0.15695555232652225
1731,-0.14477020434845533
1732,-0.1408959489685448
1733,-0.15201650067357317
1734,-0.17035036600587364
1735,-0.1363602406514522
1736,-0.1428678533220517
1737,-0.1525669364073041
1738,-0.13344346310509997
1739,-0.1646258009712289
1740,-0.1390971410787829
1741,-0.13300926020618373
1742,-0.17581178181818907
1743,-0.16096696020650655
1744,-0.1367401570571915
1745,-0.15179357490066192
1746,-0.15134627136624013
1747,-0.15101143281678964
1748,-0.15585996851632516
1749,-0.14631340201150597
1750,-0.1387287658765891
1751,-0.14869913166244142
1752,-0.13559417371413307
1753,-0.13882344926005769
1754,-0.11716236726693714
1755,-0.1443454832144831
1756,-0.15215264982752663
1757,-0.17473502129857496
1758,-0.14575823718954625
1759,-0.15483622939775887
1760,-0.12901868869835953
1761,-0.15726638675840182
1762,-0.12084841420984264
1763,-0.14519099167489927
1764,-0.14043414485080088
1765,-0.16003199660902298
1766,-0.14238527810747345
1767,-0.15079271311096953
1768,-0.12866533390777232
1769,-0.13687359612277084
1770,-0.1616501317144104
1771,-0.1513970233825595
1772,-0.1307409672005436
1773,-0.15044435018969113
1774,-0.1625774614201073
1775,-0.15655672153055153
1776,-0.1380144091177661
1777,-0.1582131951791834
1778,-0.15230461680575907
1779,-0.15997009597295417
1780,-0.14176041344688178
1781,-0.15309073331897807
1782,-0.13991651119385143
1783,-0.17158084595376533
1784,-0.13996871126004068
1785,-0.1411814658892684
1786,-0.1491767968146937
1787,-0.15450951057749568
1788,-0.13775677010828
1789,-0.142177666546459
1790,-0.1462181195417898
1791,-0.15117045427746217
1792,-0.12859820865847
1793,-0.1497232538458313
1794,-0.14688796108029584
1795,-0.13297910382652417
1796,-0.12286334807600906
1797,-0.16053934589437702
1798,-0.14219850924617677
1799,-0.11962567532337023
1800,-0.13226991708147476
1801,-0.15332963285121912
1802,-0.1358574192863228
1803,-0.11146903576152128
1804,-0.13870771253688918
1805,-0.1369107806244944
1806,-0.1314473248515483
1807,-0.11508871036343754
1808,-0.14249468038197724
1809,-0.15128521013258628
1810,-0.16002936937298537
1811,-0.1336215236251437
1812,-0.13528160275584883
1813,-0.14230405909732843
1814,-0.1414846366361394
1815,-0.13656893273709012
1816,-0.1316506565417394
1817,-0.15961310997715347
1818,-0.15727408765308912
1819,-0.12621340099857953
1820,-0.13999810497791515
1821,-0.15357358275906263
1822,-0.14148557850464594
1823,-0.13785879545324894
1824,-0.12943418955105848
1825,-0.1476242615417364
1826,-0.16055602537219377
1827,-0.13539013768686373
1828,-0.14992258532959998
1829,-0.128830668309944
1830,-0.14023716009022014
1831,-0.1350209567883443
1832,-0.15049005661331777
1833,-0.1462850605788418
1834,-0.1102256979920967
1835,-0.15961156175425045
1836,-0.15143701092651674
1837,-0.1348545451709016
1838,-0.13087435461153488
1839,-0.1462936564460285
1840,-0.14659066828905393
1841,-0.1343342762060983
1842,-0.14767610502519743
1843,-0.16098095398243972
1844,-0.1271822306695285
1845,-0.14332808570736194
1846,-0.14277783130548508
1847,-0.13729723616731354
1848,-0.13285746896950046
1849,-0.11575054185911324
1850,-0.1515749104173795
1851,-0.13370782644638718
1852,-0.13273917565045526
1853,-0.12802092815541072
1854,-0.14223309151628627
1855,-0.13090827259128565
1856,-0.12818890015578635
1857,-0.13288787787833864
1858,-0.15617675214677754
1859,-0.12972057165141923
1860,-0.11210125365314091
1861,-0.14110787999309188
1862,-0.14490456544349734
1863,-0.12311896619117056
1864,-0.12232164902347625
1865,-0.146989012782083
1866,-0.143732229271192
1867,-0.1225751691494948
1868,-0.13637084449800696
1869,-0.1482884112313305
1870,-0.1669644809897277
1871,-0.14822894269946688
1872,-0.11857599546515547
1873,-0.12301300384115021
1874,-0.15170348985051288
1875,-0.14856321409830975
1876,-0.14346415150409422
1877,-0.1413702920759459
1878,-0.15126604980609093
1879,-0.14719328392149506
1880,-0.14571252689253936
1881,-0.14724700456544654
1882,-0.14960840092516395
1883,-0.1427912392536986
1884,-0.14066196696191033
1885,-0.1554469164685331
1886,-0.15546253674254387
1887,-0.13505807933416206
1888,-0.14497361871977535
1889,-0.15486096317900017
1890,-0.15349872933127287
1891,-0.14498331421550403
1892,-0.14882585045156227
1893,-0.1604407602956582
1894,-0.15875419152129042
1895,-0.14728575923877685
1896,-0.12977847018685396
1897,-0.15757943608355357
1898,-0.12734824352151214
1899,-0.14293217860236448
1900,-0.1548628444009061
1901,-0.14721187828801635
1902,-0.13747571617107085
1903,-0.13492162841461597
1904,-0.1300795780116695
1905,-0.13300228668905004
1906,-0.12458694711642011
1907,-0.12868213205879758
1908,-0.12145910673681991
1909,-0.14454560573069053
1910,-0.13685224527480538
1911,-0.11462436213816364
1912,-0.1377754400884247
1913,-0.16561469174277996
1914,-0.13983029720214912
1915,-0.14335590172817014
1916,-0.13281017837514691
1917,-0.15924557600808273
1918,-0.1362250135102082
1919,-0.15403985671478404
1920,-0.12962794605212993
1921,-0.13440670633035673
1922,-0.11066933978308868
1923,-0.1596739181230859
1924,-0.16728310146234907
1925,-0.13129216738847732
1926,-0.13381908228140774
1927,-0.12825036812991278
1928,-0.15072929597207751
1929,-0.1302407847452205
1930,-0.16732028990044542
1931,-0.13945413509678836
1932,-0.14125296022616157
1933,-0.12631996432220963
1934,-0.1423988995456178
1935,-0.13781308869723902
1936,-0.142441124340242
1937,-0.14538062254963724
1938,-0.10407510241774016
1939,-0.15607867121525248
1940,-0.1383314139764905
1941,-0.1812456165973939
1942,-0.13972690427836026
1943,-0.16013155735095366
1944,-0.12784874926480916
1945,-0.14173112538345317
1946,-0.15727632225634655
1947,-0.1505786818207459
1948,-0.14423634590218193
1949,-0.15961697482799292
1950,-0.14432444727080668
1951,-0.12169889202317742
1952,-0.14935231748587285
1953,-0.14945083458044556
1954,-0.12521804106189405
1955,-0.14694562345215315
1956,-0.13915675026116064
1957,-0.13741581083100846
1958,-0.1274780623441252
1959,-0.13546589119823976
1960,-0.13360527056257723
1961,-0.15194462891063287
1962,-0.12058752086175231
1963,-0.1059452951295945
1964,-0.1634791832165489
1965,-0.13328967112712403
1966,-0.11769882074838374
1967,-0.12520474576275806
1968,-0.15500322530853897
1969,-0.12720150593315835
1970,-0.10879595132358037
1971,-0.13801976649656564
1972,-0.15682588928922647
1973,-0.14464092653037228
1974,-0.14670149677493693
1975,-0.15290010935111778
1976,-0.13691595384975347
1977,-0.12814962367168414
1978,-0.15383238752030198
1979,-0.15053684308202533
1980,-0.12408859307928334
1981,-0.12785832758378005
1982,-0.14958350188835434
1983,-0.13753946923451418
1984,-0.15213597263247855
1985,-0.15276146724455658
1986,-0.13917507061208365
1987,-0.16660461880386487
1988,-0.12468836094133921
1989,-0.1716099599190898
1990,-0.15757848384670103
1991,-0.1444585917185053
1992,-0.13251563211
1993,-0.16026033721995325
1994,-0.14370009639593295
1995,-0.13185657704897116
1996,-0.13685236135614662
1997,-0.1346633051618876
1998,-0.12402617062688863
1999,-0.1253564147447235
2000,-0.11383898079623456
2001,-0.1373516559942096
2002,-0.12350617813904416
2003,-0.1350302043551022
2004,-0.10801553647294836
2005,-0.16442825146581957
2006,-0.13915665663969282
2007,-0.1458441086221121
2008,-0.14034911685760773
2009,-0.14126766437097646
2010,-0.1598448036668805
2011,-0.11640025338773571
2012,-0.11852557166068764
2013,-0.12169715850295242
2014,-0.14965445720010587
2015,-0.11423337039151159
2016,-0.14132862988921463
2017,-0.13584466376675558
2018,-0.13168090827106574
2019,-0.11793162993954147
2020,-0.14419811965724927
2021,-0.13829836318837327
2022,-0.15132077341874123
2023,-0.1183175926123595
2024,-0.12432979678508148
2025,-0.14779989954452472
2026,-0.14748801112565751
2027,-0.11746644227948022
2028,-0.09789234626120707
2029,-0.1375331680285723
2030,-0.14685929468775233
2031,-0.1428064396375755
2032,-0.12468366568958703
2033,-0.14292407023652728
2034,-0.128272602091038
2035,-0.13832844144817308
2036,-0.14931732279096224
2037,-0.12340592822303152
2038,-0.11105839942146367
2039,-0.12216696411251961
2040,-0.1408447219187561
2041,-0.12532396603671958
2042,-0.12290036035247015
2043,-0.12363106749403206
2044,-0.15782214655175256
2045,-0.133396316355396
2046,-0.1270666799947484
2047,-0.1383941644061713
2048,-0.1452296700264703
2049,-0.12977700737916634
2050,-0.1319832270245894
2051,-0.17324027289325303
2052,-0.16361035300009136
2053,-0.13374903486055353
2054,-0.13096765394570625
2055,-0.1646635215312635
2056,-0.15316745271627408
2057,-0.13842964996397492
2058,-0.12241373587604071
2059,-0.15726051412105257
2060,-0.13157019578145399
2061,-0.14805328909669183
2062,-0.13696853334866954
2063,-0.15066778824798588
2064,-0.12144803749904562
2065,-0.1296193693534488
2066,-0.13361911314791367
2067,-0.1544704797210714
2068,-0.12694912199391709
2069,-0.14662687890240558
2070,-0.12844081513300823
2071,-0.1513013354089576
2072,-0.13877900335971988
2073,-0.13657414160220352
2074,-0.13702957959821163
2075,-0.15876161785893086
2076,-0.13051347640606892
2077,-0.13528756694111443
2078,-0.1420309011168515
2079,-0.13636145071258596
2080,-0.10309797355457315
2081,-0.1355655015626371
2082,-0.15717881425990549
2083,-0.11439613515698913
2084,-0.12577021759738907
2085,-0.1407800794529575
2086,-0.14753477053919878
2087,-0.14591600776852065
2088,-0.13027297761324785
2089,-0.1535598295877308
2090,-0.15973586727812
2091,-0.14833831863462468
2092,-0.1471952122501951
2093,-0.13285436369194228
2094,-0.1761577909698692
2095,-0.1389313558825809
2096,-0.1509216766507938
2097,-0.16424790381138016
2098,-0.14703721091120603
2099,-0.13719834464698696
2100,-0.13441141863815148
2101,-0.1701087376000205
2102,-0.15030907772433114
2103,-0.12499856140276357
2104,-0.13360148880984113
2105,-0.1518975943309365
2106,-0.1569808168039898
2107,-0.128674040361304
2108,-0.1326232796954988
2109,-0.13340582538258328
2110,-0.148405041565653
2111,-0.13151606286145484
2112,-0.14699588693413806
2113,-0.1428632749659552
2114,-0.14415164757829418
2115,-0.13594899614513972
2116,-0.15264047551112372
2117,-0.1604590945951894
2118,-0.13982302703268862
2119,-0.11437813925641863
2120,-0.15224439511465654
2121,-0.1507377464654613
2122,-0.13918427129007244
2123,-0.14825305486929521
2124,-0.15179641406099098
2125,-0.13970788334404094
2126,-0.1288077199115717
2127,-0.13938939114215304
2128,-0.16109972789925328
2129,-0.14853565628924612
2130,-0.1312515925958305
2131,-0.14001764632979613
2132,-0.14688821434821386
2133,-0.146880983280165
2134,-0.1418252743395635
2135,-0.13207388703697218
2136,-0.16349364836369643
2137,-0.12199046108531933
2138,-0.1561003124847392
2139,-0.1291343327614482
2140,-0.13650269570028445
2141,-0.13408335379081215
2142,-0.136362875783708
2143,-0.12853476991568757
2144,-0.14224192754168866
2145,-0.16941032496639397
2146,-0.12701166368027247
2147,-0.11677926371480912
2148,-0.1346301151611387
2149,-0.1459784222380324
2150,-0.13215987870197288
2151,-0.12080003139229845
2152,-0.1564989544417008
2153,-0.133071666838472
2154,-0.13864426457706452
2155,-0.13456106971850537
2156,-0.15089981650248319
2157,-0.14850604986729196
2158,-0.13425566965770014
2159,-0.13628575342921978
2160,-0.14580675930637832
2161,-0.1353030746156376
2162,-0.15799223146501581
2163,-0.1342797835596058
2164,-0.13802286032786945
2165,-0.12103443201174637
2166,-0.13719903254138616
2167,-0.1419426409136798
2168,-0.12457176230773188
2169,-0.1448049706276808
2170,-0.1387418046352943
2171,-0.14646900984643113
2172,-0.14275723369677246
2173,-0.17314939126524181
2174,-0.139043343283523
2175,-0.14714571321215483
2176,-0.10306260234151123
2177,-0.15254519008146866
2178,-0.12488242406256789
2179,-0.12484319800843649
2180,-0.1285017830201286
2181,-0.13839287873584943
2182,-0.12145105430886592
2183,-0.14342796291859397
2184,-0.1344224585343373
2185,-0.14674165116014798
2186,-0.12221279887012211
2187,-0.13927197906951316
2188,-0.13446162822197996
2189,-0.15178720052716468
2190,-0.13703141357396934
2191,-0.14965492680437562
2192,-0.1281643527267899
2193,-0.15939870427185188
2194,-0.1275821159710697
2195,-0.13832930595406495
2196,-0.11434012621195032
2197,-0.1350154883090134
2198,-0.16552806284136237
2199,-0.13609912053472756
2200,-0.13807105012567053
2201,-0.13202544043607436
2202,-0.15144396177698866
2203,-0.15257476827474237
2204,-0.13336344859678975
2205,-0.1536581117912551
2206,-0.15417517990116716
2207,-0.13115740710950152
2208,-0.13252327451790127
2209,-0.16799254126469815
2210,-0.14987176925252382
2211,-0.13208721826040318
2212,-0.1376834361457534
2213,-0.11495813263701746
2214,-0.17929385029679798
2215,-0.13451688679270055
2216,-0.12756170532941827
2217,-0.13133381961619445
2218,-0.15987987926551933
2219,-0.1280529111723108
2220,-0.13836280445191734
2221,-0.13080047552963786
2222,-0.14355690019173736
2223,-0.13180705713156643
2224,-0.1284165423140594
2225,-0.12781961359379854
2226,-0.1377822729782952
2227,-0.1317659060509106
2228,-0.13638410023246844
2229,-0.13481071478921472
2230,-0.16030944123116983
2231,-0.13843756053923806
2232,-0.13085274713855682
2233,-0.13722611848558752
2234,-0.14756668722888158
2235,-0.15414720695363396
2236,-0.15455078902436709
2237,-0.12203230110711458
2238,-0.13678979654576412
2239,-0.13583469810652862
2240,-0.1325082757741457
2241,-0.11704786766938706
2242,-0.16267413649794582
2243,-0.14541876105936768
2244,-0.14870525850131686
2245,-0.12988088069170411
2246,-0.129263762105872
2247,-0.16004928175066502
2248,-0.14601757051553496
2249,-0.1375283840234779
2250,-0.13157723630318444
2251,-0.1355078585535148
2252,-0.14763450608455708
2253,-0.15697324861942957
2254,-0.12637361042342166
2255,-0.13277210223870456
2256,-0.13355798944316097
2257,-0.16096776692303386
2258,-0.1290476934177674
2259,-0.13347783435961455
2260,-0.12422381099998185
2261,-0.12589642879738483
2262,-0.1375547120366074
2263,-0.1376781263287702
2264,-0.11646647962198642
2265,-0.12936144108083789
2266,-0.1314631969859359
2267,-0.1529283528019851
2268,-0.11065117623615087
2269,-0.12474149533701326
2270,-0.14988542547857514
2271,-0.15236420973673126
2272,-0.1478566401441169
2273,-0.1374367260508141
2274,-0.1465318476979117
2275,-0.15066131752793036
2276,-0.15410298898098373
2277,-0.13775627393727558
2278,-0.14737147063704772
2279,-0.14947958246786036
2280,-0.14862968035203133
2281,-0.1318851395425157
2282,-0.1464793467792652
2283,-0.14903424010142183
2284,-0.1664029072013623
2285,-0.15420418188394566
2286,-0.13230219393856268
2287,-0.12941478174322688
2288,-0.15563018939049994
2289,-0.1509769792377697
2290,-0.1736066265419657
2291,-0.16174503922177308
2292,-0.13346520068098403
2293,-0.11808853118922992
2294,-0.16257552486811375
2295,-0.1663215146371616
2296,-0.15361093914057833
2297,-0.14571620718713965
2298,-0.16192393844700398
2299,-0.15538094202946945
2300,-0.14333755920924401
2301,-0.12306932821624374
2302,-0.14819429785853444
2303,-0.160157834252676
2304,-0.14083705916142522
2305,-0.15799053863718057
2306,-0.14386104086414644
2307,-0.16209845570125514
2308,-0.13244460616511494
2309,-0.133200532577541
2310,-0.14466198462781887
2311,-0.151976378834461
2312,-0.14134782893976985
2313,-0.15913988766492934
2314,-0.15832813115713043
2315,-0.14065158236419792
2316,-0.13088088833485007
2317,-0.1375331993823992
2318,-0.16378288047785633
2319,-0.12592015713826432
2320,-0.12702325016244287
2321,-0.14750128925173206
2322,-0.1491349939704206
2323,-0.1392341083757932
2324,-0.13585226437972242
2325,-0.12826123592153904
2326,-0.14581630674844134
2327,-0.1585657376039055
2328,-0.1315511306172605
2329,-0.1271441368230495
2330,-0.1513451129382555
2331,-0.15222103533488082
2332,-0.1614183139209117
2333,-0.13107817882088954
2334,-0.1229400700630311
2335,-0.13619080672263864
2336,-0.14058747213938108
2337,-0.14626967759426013
2338,-0.13349426874162698
2339,-0.1569232430387392
2340,-0.12176225887382802
2341,-0.14532799536681482
2342,-0.15402137473749816
2343,-0.1439780652980479
2344,-0.1374726815100377
2345,-0.16642418867315484
2346,-0.14572105943512711
2347,-0.145802295353254
2348,-0.13310562865599496
2349,-0.15437412536139067
2350,-0.13754165546585226
2351,-0.13602510731018333
2352,-0.13616988324309673
2353,-0.16316946956735454
2354,-0.15315741343709852
2355,-0.15777796233797844
2356,-0.14700245685080665
2357,-0.14401973642646748
2358,-0.1487672646979639
2359,-0.1625549007688801
2360,-0.12432130321885035
2361,-0.13017899327866672
2362,-0.14878678319513175
2363,-0.1549911500030086
2364,-0.13910189841579482
2365,-0.12412265449898424
2366,-0.15326521981934932
2367,-0.15306829417178575
2368,-0.16021777174163554
2369,-0.1269779423363403
2370,-0.1525739568962035
2371,-0.1414038609767405
2372,-0.13652065216678244
2373,-0.11030384047631418
2374,-0.13074479257701763
2375,-0.1529819920213206
2376,-0.15624314115968332
2377,-0.14180252560911202
2378,-0.14182981105820408
2379,-0.1499452152654455
2380,-0.16068755834947854
2381,-0.13650923596514064
2382,-0.14323228569636678
2383,-0.14138561051264634
2384,-0.16621807103404862
2385,-0.14803815491886121
2386,-0.17305732650695102
2387,-0.16058418364182098
2388,-0.16586573952951222
2389,-0.16823028191783831
2390,-0.17465770434404204
2391,-0.14650067392367647
2392,-0.1695637828889202
2393,-0.13905113060390958
2394,-0.12814819323584828
2395,-0.14045170456829909
2396,-0.1510722356668153
2397,-0.14013302206270822
2398,-0.1532632019617609
2399,-0.1323441460764802
2400,-0.14114406103917593
2401,-0.16984085932401127
2402,-0.1726837532446921
2403,-0.14518504155034395
2404,-0.15433660929563986
2405,-0.13753175073828844
2406,-0.12262258179667766
2407,-0.14008958831608864
2408,-0.13308960986543678
2409,-0.13577506993821245
2410,-0.12459365899027011
2411,-0.13097940366789812
2412,-0.12659126206263047
2413,-0.14190618606543987
2414,-0.13694629423593474
2415,-0.15044406493060303
2416,-0.1393974033087565
2417,-0.14649601591143366
2418,-0.14205103271726396
2419,-0.14169593916705095
2420,-0.1330202338995462
2421,-0.14723883034970764
2422,-0.13086514162691165
2423,-0.16700993649319423
2424,-0.13237644875259652
2425,-0.14359131701093206
2426,-0.1398760452949285
2427,-0.14772058800081697
2428,-0.12342055167856168
2429,-0.13729816141317067
2430,-0.1272214942086135
2431,-0.14587034661151355
2432,-0.13631956933877692
2433,-0.14342341180313037
2434,-0.15509818592605532
2435,-0.14274436060280404
2436,-0.14521982892645052
2437,-0.12712161809934958
2438,-0.1606450907821489
2439,-0.1469185446612525
2440,-0.1535803258130083
2441,-0.14902015735957674
2442,-0.1574985286051428
2443,-0.13966293261185975
2444,-0.1603255890426568
2445,-0.15188710293552413
2446,-0.14161327031735194
2447,-0.14668327952070587
2448,-0.15286060780665692
2449,-0.14925186078431452
2450,-0.1419820982237599
2451,-0.13694042531075323
2452,-0.14328512228355067
2453,-0.1326636087590702
2454,-0.14092834566689624
2455,-0.12326001874513678
2456,-0.15137007502762062
2457,-0.12621709717640245
2458,-0.1551942623746009
2459,-0.13903800652434217
2460,-0.15737047095981627
2461,-0.13913442934771597
2462,-0.14574773202652305
2463,-0.11135572170495528
2464,-0.14237051037822807
2465,-0.1352368475450829
2466,-0.12864453899392347
2467,-0.1222492606821202
2468,-0.1387283960955075
2469,-0.17298212685537126
2470,-0.14754767437653685
2471,-0.12302694642317218
2472,-0.11124918304174194
2473,-0.14193286276392228
2474,-0.15901682331242856
2475,-0.12479863068975597
2476,-0.1342491404232423
2477,-0.1435717245936921
2478,-0.14629248794150232
2479,-0.12455728531634366
2480,-0.134615459956808
2481,-0.12971202943408874
2482,-0.1706803604716544
2483,-0.1322881565342094
2484,-0.14828364936220523
2485,-0.11816287098571106
2486,-0.14501104680218538
2487,-0.14241412006080673
2488,-0.16064719257228782
2489,-0.11980719376467056
2490,-0.14715778622126155
2491,-0.14207209970774637
2492,-0.14380127044896296
2493,-0.14002410299972665
2494,-0.14985696143847596
2495,-0.15941748249021392
2496,-0.13025337486694744
2497,-0.14422484547706493
2498,-0.14108445629840224
2499,-0.16581507160775288
2500,-0.15084137515738286
2501,-0.156980693498657
2502,-0.1751219727606509
2503,-0.14487112739137264
2504,-0.14364660535646612
2505,-0.15131699614477492
2506,-0.1556398788974701
2507,-0.15469157277058693
2508,-0.1255789881224469
2509,-0.13716774121036002
2510,-0.16672187928170293
2511,-0.14576694772288648
2512,-0.14784107344799347
2513,-0.1271663070102513
2514,-0.15205568516617546
2515,-0.1381478322036225
2516,-0.15346060864689634
2517,-0.13776491343962824
2518,-0.16221128623147316
2519,-0.13814539101706563
2520,-0.14258567734935476
2521,-0.14413187274139652
2522,-0.15101762144296343
2523,-0.14402685104046453
2524,-0.13613737408058477
2525,-0.13488492655810605
2526,-0.16945418162641793
2527,-0.14776727581220572
2528,-0.13527059455126544
2529,-0.15418153863426218
2530,-0.1609782848069417
2531,-0.1435965889478855
2532,-0.12005062815956155
2533,-0.15378632950065996
2534,-0.1375698791304626
2535,-0.1266181027632543
2536,-0.11914355796082249
2537,-0.14562952111881605
2538,-0.14054666400628518
2539,-0.13545362299124736
2540,-0.12776087487535007
2541,-0.13277929234990518
2542,-0.17361530799834662
2543,-0.1599988670484685
2544,-0.13283298139491748
2545,-0.143762059077349
2546,-0.15699565078812214
2547,-0.15260984984387246
2548,-0.1372040719974882
2549,-0.12999008425950376
2550,-0.15469527145186615
2551,-0.15662663976686153
2552,-0.14879042780633353
2553,-0.12884294722123502
2554,-0.1313650945690998
2555,-0.13680821164437257
2556,-0.12791484225584038
2557,-0.12186051971807535
2558,-0.1263659990858763
2559,-0.12831863839750465
2560,-0.12003060847685122
2561,-0.1305716724182408
2562,-0.13945573709661377
2563,-0.13516240258078208
2564,-0.13418450698530812
2565,-0.15818867754974592
2566,-0.13682030653106614
2567,-0.1566222525831628
2568,-0.14240633775512473
2569,-0.1340887972383698
2570,-0.12900738086382152
2571,-0.15169430360748237
2572,-0.15977550508148874
2573,-0.17169332683937366
2574,-0.13075536641060775
2575,-0.15542771759542007
2576,-0.13034845743203496
2577,-0.1573536810788831
2578,-0.13733983235210853
2579,-0.1477321413493401
2580,-0.15543436665738247
2581,-0.12322826920660873
2582,-0.13415663768996675
2583,-0.1405839180479116
2584,-0.14645595536976896
2585,-0.12591058943542427
2586,-0.13406854872110632
2587,-0.1393882088454287
2588,-0.15595684068529367
2589,-0.1381657307392271
2590,-0.11139334128391737
2591,-0.1503841139780881
2592,-0.1543199253093186
2593,-0.1443931459173512
2594,-0.13443110467721592
2595,-0.11300611265233265
2596,-0.16766425637879914
2597,-0.1537217000933562
2598,-0.15478164301965613
2599,-0.10981113400753399
2600,-0.14829930009823794
2601,-0.1401358331680588
2602,-0.1590960501975128
2603,-0.12532907446954836
2604,-0.14551263003964296
2605,-0.1281440266256618
2606,-0.13752215669455728
2607,-0.1120809007287563
2608,-0.13703335645458206
2609,-0.12589154197415484
2610,-0.16087307357963326
2611,-0.1352016371680264
2612,-0.13687624044434268
2613,-0.12913072969655162
2614,-0.15224544842221796
2615,-0.14616145831220778
2616,-0.14806872453910652
2617,-0.13607423830690435
2618,-0.1445043576513465
2619,-0.14275826976585881
2620,-0.15465533802186787
2621,-0.14656356195692363
2622,-0.14061292379968207
2623,-0.14651848143750282
2624,-0.15159410310456764
2625,-0.15325776003026045
2626,-0.14765888693158338
2627,-0.14851091161047572
2628,-0.14063931327443618
2629,-0.15253154187450907
2630,-0.14315304460543696
2631,-0.15774224700224634
2632,-0.1254039124153837
2633,-0.1483975741561236
2634,-0.11824936644295703
2635,-0.14549341217749445
2636,-0.13556705357867116
2637,-0.13270097818163507
2638,-0.11349404327232976
2639,-0.16673590169401492
2640,-0.1610886868594648
2641,-0.13895711185941975
2642,-0.09362473834408852
2643,-0.15297302511140362
2644,-0.13667733009238126
2645,-0.15220018342263902
2646,-0.12694880370782435
2647,-0.16761814506525666
2648,-0.14476441497190345
2649,-0.14988864867926205
2650,-0.10879199177918773
2651,-0.1401691795242177
2652,-0.15146437058822493
2653,-0.14629649048411705
2654,-0.1405753133600583
2655,-0.14911276189448908
2656,-0.12694754040003545
2657,-0.13449829304911015
2658,-0.17003402718167793
2659,-0.160036209710106
2660,-0.15767957040209538
2661,-0.12739790882030658
2662,-0.15228620937912876
2663,-0.1313516126653048
2664,-0.12394804113671888
2665,-0.12315595320687878
2666,-0.15280766720268082
2667,-0.13169517614771364
2668,-0.15925766018601797
2669,-0.12048013520294656
2670,-0.1497702941970589
2671,-0.1264345507255985
2672,-0.15703007597203694
2673,-0.15220021350393775
2674,-0.15203314888400812
2675,-0.15036371728898335
2676,-0.1558285086881539
2677,-0.15074255303848066
2678,-0.13748793511368693
2679,-0.16232231441711223
2680,-0.1618004749397293
2681,-0.14922481394870335
2682,-0.12062186514315051
2683,-0.161789604738597
2684,-0.1339844819254379
2685,-0.13749684148684932
2686,-0.12023543224603071
2687,-0.15565481751677213
2688,-0.17752127271297158
2689,-0.12567319791762288
2690,-0.1391990878130985
2691,-0.15532513410022802
2692,-0.15718781222469866
2693,-0.13644597090504756
2694,-0.15152627611911676
2695,-0.15150058437156588
2696,-0.14833838610632402
2697,-0.13429457797479738
2698,-0.14531896302777914
2699,-0.14888024244472173
2700,-0.13272426871523899
2701,-0.14789218526796333
2702,-0.13084644606644324
2703,-0.1530824623123446
2704,-0.11085129086914552
2705,-0.1558640230009213
2706,-0.15674038447744595
2707,-0.1456785607971467
2708,-0.1405471535393403
2709,-0.12163383945958448
2710,-0.17809311381444837
2711,-0.14085625519268094
2712,-0.12377043899154325
2713,-0.15565129788579307
2714,-0.14285683246986566
2715,-0.1473280072293561
2716,-0.15016734634789364
2717,-0.13799031938377077
2718,-0.1343230342598326
2719,-0.15530997711422898
2720,-0.13720517288855635
2721,-0.13598506784818742
2722,-0.13773932240321074
2723,-0.13844044943592654
2724,-0.14861028164835777
2725,-0.1368181663019422
2726,-0.1495509099516343
2727,-0.1214134668857059
2728,-0.11645082185908717
2729,-0.16736627660797232
2730,-0.14751575524945876
2731,-0.1384788207108296
2732,-0.1214757028496166
2733,-0.14889916990377824
2734,-0.13930933248237093
2735,-0.1429279888877164
2736,-0.1289278394101835
2737,-0.15594491329324145
2738,-0.1500805655638556
2739,-0.14289801849454786
2740,-0.14677583551471984
2741,-0.15309296465980618
2742,-0.14525306655268086
2743,-0.1406531706914009
2744,-0.143554808513985
2745,-0.16740663087136742
2746,-0.15639396779642445
2747,-0.14861066286425687
2748,-0.15535045835939104
2749,-0.1663794856676482
2750,-0.14277836713850656
2751,-0.12664716421561975
2752,-0.16263207992369796
2753,-0.13302565083347342
2754,-0.15335096729885986
2755,-0.13635502717069656
2756,-0.13269697845336398
2757,-0.1646923493173021
2758,-0.1382582792470654
2759,-0.10597589330988327
2760,-0.1408471853009766
2761,-0.1631049413528364
2762,-0.13776338713212133
2763,-0.1136387376149734
2764,-0.14735698707623004
2765,-0.15185153871207982
2766,-0.14063368517560715
2767,-0.14179983012205843
2768,-0.1495011172514154
2769,-0.13527757078936667
2770,-0.1474556939950063
2771,-0.12012431181494691
2772,-0.1347285887022976
2773,-0.13306473891545123
2774,-0.1499108070591461
2775,-0.12701910461441349
2776,-0.13073949667893792
2777,-0.13565286626028303
2778,-0.1395777986983732
2779,-0.1301286505286858
2780,-0.13040021708238564
2781,-0.13772013780334708
2782,-0.12277041300367325
2783,-0.13874683101490692
2784,-0.1455503910171077
2785,-0.1496925628281321
2786,-0.15404390521978742
2787,-0.16509317977011767
2788,-0.15406314820043987
2789,-0.16085039526007616
2790,-0.1419029380758764
2791,-0.1493847661954242
2792,-0.1331146247804019
2793,-0.16278130528994156
2794,-0.13279846577622748
2795,-0.15171715853364445
2796,-0.10926493916276903
2797,-0.1601934045395104
2798,-0.1697777668990096
2799,-0.14997765885817596
2800,-0.15792790059885503
2801,-0.13843940110768294
2802,-0.14578273606327335
2803,-0.13950185738747045
2804,-0.1657511620322454
2805,-0.13392965509881052
2806,-0.17460965046666072
2807,-0.12477521452811001
2808,-0.16664759219966735
2809,-0.13991860144258042
2810,-0.18671908814181581
2811,-0.13949686462625105
2812,-0.1336370371541468
2813,-0.11955316153486309
2814,-0.14022685660310952
2815,-0.11446997967765368
2816,-0.1547446716008661
2817,-0.11096736965913076
2818,-0.1322446078638706
2819,-0.11744868190057153
2820,-0.1506623427548472
2821,-0.12233993598081003
2822,-0.1472763019023506
2823,-0.12808010564714484
2824,-0.13604947882418905
2825,-0.1358374204112705
2826,-0.14363605332063592
2827,-0.11949000029249729
2828,-0.14583540750143634
2829,-0.1419757066820779
2830,-0.15500292375000888
2831,-0.11496065762899088
2832,-0.16118681783575936
2833,-0.13930912590212918
2834,-0.16144090858509047
2835,-0.140446534861839
2836,-0.1264847350663951
2837,-0.11643422173619616
2838,-0.1653384144303654
2839,-0.12726860427348002
2840,-0.13032655983440916
2841,-0.14895676739250963
2842,-0.1589742012225337
2843,-0.150783085755063
2844,-0.1351187179979647
2845,-0.142876977605447
2846,-0.15919212691052312
2847,-0.13512884136715686
2848,-0.1397975613070332
2849,-0.12192086466830723
2850,-0.16344102899413487
2851,-0.15284092592761486
2852,-0.1499660614188282
2853,-0.13639252897814189
2854,-0.1588671491417059
2855,-0.1389062984011611
2856,-0.14146419912630837
2857,-0.1392534350259846
2858,-0.14537174844705536
2859,-0.1563287228152144
2860,-0.12779905914231307
2861,-0.11659249757125134
2862,-0.161451378121169
2863,-0.142873993971183
2864,-0.1253911999427357
2865,-0.12441717469957332
2866,-0.13637224174770612
2867,-0.14581879031588377
2868,-0.12173574489868692
2869,-0.12934014361766397
2870,-0.15826388668699826
2871,-0.14411897045591215
2872,-0.14757061506780966
2873,-0.1522555679605217
2874,-0.15377931285924573
2875,-0.13789560707666146
2876,-0.1418834975436305
2877,-0.1568549900810452
2878,-0.14485941187243914
2879,-0.1464712430149582
2880,-0.14933353680421493
2881,-0.1733536918612099
2882,-0.1404679885810629
2883,-0.13124094473508138
2884,-0.1435027676256125
2885,-0.15959272313952688
2886,-0.13781471667031048
2887,-0.13878251591154261
2888,-0.1526384341554085
2889,-0.13594021154132177
2890,-0.1428905794196254
2891,-0.1404981476102805
2892,-0.16680395035546922
2893,-0.1287167934966249
2894,-0.16072665041964712
2895,-0.12476435060936933
2896,-0.1694559455723874
2897,-0.13822993911888626
2898,-0.12827283448477084
2899,-0.13185815984243604
2900,-0.14721120506676896
2901,-0.13343011517242923
2902,-0.15331307039138464
2903,-0.12434521058212444
2904,-0.16153205640492363
2905,-0.12112046394225459
2906,-0.16675994729250707
2907,-0.12098583002618876
2908,-0.1329018045558712
2909,-0.12433745808621155
2910,-0.17639100473980024
2911,-0.13374887571390687
2912,-0.1471056923165511
2913,-0.1376619578349223
2914,-0.1661131988337396
2915,-0.12804307010421206
2916,-0.11869233235767843
2917,-0.1506141017778212
2918,-0.13689362299211977
2919,-0.16461567697749102
2920,-0.14506985885282375
2921,-0.13274234031951337
2922,-0.15192375651973059
2923,-0.16047708339367495
2924,-0.15279077461309754
2925,-0.12088346867451163
2926,-0.13364852207556815
2927,-0.16004843688848297
2928,-0.1351448466013804
2929,-0.11002620851810377
2930,-0.1530125607680084
2931,-0.1333998403451721
2932,-0.13016981374175565
2933,-0.12397221117274752
2934,-0.13460436449413737
2935,-0.135341533904659
2936,-0.13706089663070364
2937,-0.1305447122773806
2938,-0.1333141424269026
2939,-0.129324460101419
2940,-0.15743225197410254
2941,-0.15642297561980673
2942,-0.11798248347786601
2943,-0.13387380588344316
2944,-0.13759778431405714
2945,-0.15338411730056825
2946,-0.11723977612439136
2947,-0.14600558305863878
2948,-0.13531985487154152
2949,-0.14708759058117166
2950,-0.1645306250024474
2951,-0.15803720479814556
2952,-0.14161390462925322
2953,-0.11540637335744156
2954,-0.13928073402332197
2955,-0.13159253848856256
2956,-0.1320091038600599
2957,-0.14315654899802535
2958,-0.15420521627151154
2959,-0.14308591048679706
2960,-0.11970917426960859
2961,-0.1605137749432915
2962,-0.15132999372912204
2963,-0.15164071937336568
2964,-0.14019232679170368
2965,-0.1353236529883103
2966,-0.15248750922640403
2967,-0.15636736882591248
2968,-0.14430200843359303
2969,-0.15997268552898639
2970,-0.14670859459542898
2971,-0.14416712507437368
2972,-0.14546470270552134
2973,-0.14747764449703454
2974,-0.1366579230030712
2975,-0.14368653964882622
2976,-0.1474227660425631
2977,-0.14805086140795382
2978,-0.14053952510777035
2979,-0.14206195514222117
2980,-0.1481207137860653
2981,-0.13912683910162865
2982,-0.13784351245993207
2983,-0.13992179238767688
2984,-0.14364605224213933
2985,-0.14868061646766115
2986,-0.1381002145049271
2987,-0.13586472359726234
2988,-0.1643625753314574
2989,-0.15649240162419978
2990,-0.13817771634151813
2991,-0.1651338596281787
2992,-0.172615611435581
2993,-0.12439058854573223
2994,-0.1444558874876297
2995,-0.1669082945009353
2996,-0.15061033771716695
2997,-0.1180030819229139
2998,-0.12781411879452287
2999,-0.14604114126824597
3000,-0.1595497826393061
3001,-0.1498825866967109
3002,-0.11853973286568584
3003,-0.151341331457252
3004,-0.14079483958248779
3005,-0.14363743913269425
3006,-0.1288209489250904
3007,-0.15377892350677852
3008,-0.14305480659475994
3009,-0.162577716381628
3010,-0.1567742595283164
3011,-0.12182931298008215
3012,-0.1388588932105353
3013,-0.1594086261976354
3014,-0.14294257613023226
3015,-0.1489909895306062
3016,-0.1316504004733271
3017,-0.16464623419246444
3018,-0.14208296438984291
3019,-0.13677200044325263
3020,-0.13007101011810313
3021,-0.1481140569961787
3022,-0.15259913730647579
3023,-0.1247775936394089
3024,-0.13274835636394577
3025,-0.13521126331979538
3026,-0.13574790726251904
3027,-0.13420144759804775
3028,-0.13830002859433133
3029,-0.12978577574612277
3030,-0.13503335982177078
3031,-0.1395965264618697
3032,-0.17026784186458074
3033,-0.12620372992876314
3034,-0.12366990881313136
3035,-0.13216661722376805
3036,-0.13728847096002023
3037,-0.13561594185735143
3038,-0.12207139050978406
3039,-0.162424340369629
3040,-0.1307326980934788
3041,-0.13205027872556055
3042,-0.14348538824969437
3043,-0.15418847098654123
3044,-0.11172968370816322
3045,-0.15241246674802428
3046,-0.12124857391279298
3047,-0.16370031884114353
3048,-0.10920186146784178
3049,-0.1418735233404915
3050,-0.14823896541612447
3051,-0.14702768229807375
3052,-0.13086788950466688
3053,-0.14732363714852048
3054,-0.1472479643937914
3055,-0.15285622511767444
3056,-0.136244840449818
3057,-0.13974111967043892
3058,-0.15251192721868395
3059,-0.14318788576974467
